,GoldFlower,BigMammaRag,AintIAWoman,DoItNow
GoldFlower,0.2239295393228531,0.2189672887325287,0.21411462128162384,0.18964356184005737
BigMammaRag,0.2189672887325287,0.25557562708854675,0.2406875342130661,0.20327815413475037
AintIAWoman,0.21411462128162384,0.2406875342130661,0.3288889229297638,0.1941697597503662
DoItNow,0.18964356184005737,0.20327816903591156,0.1941697597503662,0.32668420672416687
